resource.id,status,class,type,serviceType,subject,episodeOfCare,reasonReference[...],participant[...],period.start,period.end,reasonCode,location,serviceProvider,partOf
MDS-Re-assessment-Timepoint-1,finished,SNF,payer,mds,patientBSJ1,Episodecare-1-SNF-Stay,SNF-PF-MDS-5-Day-NC-1A/SNF-SC-AP-MDS-5-Day-NC-1B/SNF-SC-DG-MDS-5-Day-NC-1C/SNF-MOB-AP-MDS-5-Day-NC-1A/SNF-MOB-DG-MDS-5-Day-NC-1B,Practitioner-SummerJohnson/Practitioner-JenCadbury,"2020-01-01","2020-01-13","I63.411 ""Cerebral infarction due to embolism of right middle cerebral artery""",Provider-Org-Loc-1,Provider-Org-1,Encounter-1-SNF-Stay
MDS-Re-assessment-Timepoint-2,finished,SNF,payer,mds,patientBSJ1,Episodecare-1-SNF-Stay,SNF-SC-IP-MDS-IPA-1D/SNF-MOB-IP-MDS-IPA-1C/SNF-SC-DP-MDS-Discharge-ND-1E/SNF-MOB-DP-MDS-Discharge-ND-1D,Practitioner-SummerJohnson/Practitioner-JenCadbury,"2020-01-14","2020-02-10","I63.411 ""Cerebral infarction due to embolism of right middle cerebral artery""",Provider-Org-Loc-1,Provider-Org-1,Encounter-1-SNF-Stay
OASIS-Re-assessment-Timepoint-1,finished,HH,payer,oasis,patientBSJ1,Episodecare-2-HHA-Stay,HHA-PF-SOC-OASIS-2A/HHA-SC-SOC-Perf-OASIS-2B/HHA-SC-DG-OASIS-2C/HHA-MOB-SOC-Perf-OASIS-2A/HHA-MOB-DG-OASIS-2B/HHA-SC-FU-60-OASIS-2D/HHA-MOB-FU-60-OASIS-2C,Practitioner-LunaBaskins/Practitioner-JacobHartwell/Practitioner-ScottDumble,"2020-02-10","2020-04-09","I69.30 ""Unspecified sequelae of cerebral infarction""",Provider-Org-Loc-2,Provider-Org-2,Encounter-2-HHA-Stay
OASIS-Re-assessment-Timepoint-2,finished,HH,payer,oasis,patientBSJ1,Episodecare-2-HHA-Stay,HHA-SC-FU-120-OASIS-2E/HHA-MOB-FU-120-OASIS-2D,Practitioner-LunaBaskins/Practitioner-JacobHartwell/Practitioner-ScottDumble,"2020-04-10","2020-06-09","I69.30 ""Unspecified sequelae of cerebral infarction""",Provider-Org-Loc-2,Provider-Org-2,Encounter-2-HHA-Stay
OASIS-Re-assessment-Timepoint-3,finished,HH,payer,oasis,patientBSJ1,Episodecare-2-HHA-Stay,HHA-SC-DC-OASIS-2F/HHA-MOB-DC-OASIS-2E,Practitioner-LunaBaskins/Practitioner-JacobHartwell/Practitioner-ScottDumble,"2020-06-10","2020-06-29","I69.30 ""Unspecified sequelae of cerebral infarction""",Provider-Org-Loc-2,Provider-Org-2,Encounter-2-HHA-Stay
